DNI,NOMBRE,APELLIDO1,APELLIDO2,TIPO_CARNE,FECHA_APROBACION,PUNTOS,FECHA_RENOVACION
21873367K,JUAN,ALFONSO,RODRIGUEZ,A,10/01/1990,15,10/01/2023
94273727X,MIGUEL,ANGEL,BERMUDEZ,B,12/04/1996,15,12/04/2024
24344332W,RAFA,MARQUEZ,DE RIVEIRO,A2,21/10/2001,10,21/10/2021
53279821Q,IBON,REINOSO,ISASI,A,03/11/2004,-2,-
78333312B,MARIA DEL CARMEN,BILBAO,BLAZQUEZ,B,17/09/2006,0,-
63259008H,JULIETA,VENECIA,DE ROSSI,B,07/07/2021,4,07/07/2041
983275134F,BENITO,ESCAPADAS,ZIDANE,B1,31/12/2061,10,31/12/2081
35448977O,MIGUEL,CERVANTES,DE AUXILIO,B,12/04/1700,0,-
98327332V,ALBERTO,EINSTEIN,ALEGRIA,C,12/10/1999,15,12/10/2026