<?xml version="1.0" encoding="UTF-8"?>
<pedidos>
    <pedido cod="1">
        <producto nombre="ProdA">
            <Componente>
                <codigo>ComA</codigo>
                <Proveedor>XXX</Proveedor>
                <fechaentrega>22/09/2023</fechaentrega>
                <fragil>Si</fragil>
                <Peso>
                    <unidades>Kg</unidades>
                    <valor>10</valor>
                </Peso>
            </Componente>
            <Componente>
                <codigo>ComB</codigo>
                <Proveedor>YYY</Proveedor>
                <fechaentrega>23/09/2023</fechaentrega>
                <fragil>NO</fragil>
                <Peso>
                    <unidades>Kg</unidades>
                    <valor>12</valor>
                </Peso>
            </Componente>
            <Componente>
                <codigo>ComC</codigo>
                <Proveedor>ZZZ</Proveedor>
                <fechaentrega>23/09/2023</fechaentrega>
                <fragil>NO</fragil>
                <Peso>
                    <unidades>L</unidades>
                    <valor>14</valor>
                </Peso>
            </Componente>            
        </producto>
        <producto nombre="ProdB">
            <Componente>
                <codigo>ComA</codigo>
                <Proveedor>XXX</Proveedor>
                <fechaentrega>10/10/2023</fechaentrega>
                <fragil>Si</fragil>
                <Peso>
                    <unidades>Kg</unidades>
                    <valor>10</valor>
                </Peso>
            </Componente>
            <Componente>
                <codigo>ComD</codigo>
                <Proveedor>ZZZ</Proveedor>
                <fechaentrega>10/10/2023</fechaentrega>
                <fragil>SI</fragil>
                <Peso>
                    <unidades>Kg</unidades>
                    <valor>12</valor>
                </Peso>
            </Componente>          
        </producto>
    </pedido>
    <pedido cod="2">
        <producto nombre="ProdB">
            <Componente>
                <codigo>ComA</codigo>
                <Proveedor>XXX</Proveedor>
                <fechaentrega>10/10/2023</fechaentrega>
                <fragil>Si</fragil>
                <Peso>
                    <unidades>Kg</unidades>
                    <valor>10</valor>
                </Peso>
            </Componente>
            <Componente>
                <codigo>ComD</codigo>
                <Proveedor>ZZZ</Proveedor>
                <fechaentrega>10/10/2023</fechaentrega>
                <fragil>SI</fragil>
                <Peso>
                    <unidades>Kg</unidades>
                    <valor>12</valor>
                </Peso>
            </Componente>          
        </producto>
        <producto nombre="ProdC">
            <Componente>
                <codigo>ComA2A</codigo>
                <Proveedor>XXX</Proveedor>
                <fechaentrega>22/09/2023</fechaentrega>
                <fragil>Si</fragil>
                <Peso>
                    <unidades>Kg</unidades>
                    <valor>12</valor>
                </Peso>
            </Componente>
            <Componente>
                <codigo>ComB2B</codigo>
                <Proveedor>YYY</Proveedor>
                <fechaentrega>23/09/2023</fechaentrega>
                <fragil>NO</fragil>
                <Peso>
                    <unidades>Kg</unidades>
                    <valor>14</valor>
                </Peso>
            </Componente>
            <Componente>
                <codigo>ComC2C</codigo>
                <Proveedor>ZZZ</Proveedor>
                <fechaentrega>23/09/2023</fechaentrega>
                <fragil>Si</fragil>
                <Peso>
                    <unidades>L</unidades>
                    <valor>10</valor>
                </Peso>
            </Componente>            
        </producto>
        <producto nombre="ProdD">
            <Componente>
                <codigo>ComA1A</codigo>
                <Proveedor>XXX</Proveedor>
                <fechaentrega>10/10/2023</fechaentrega>
                <fragil>Si</fragil>
                <Peso>
                    <unidades>Kg</unidades>
                    <valor>12</valor>
                </Peso>
            </Componente>
            <Componente>
                <codigo>ComD</codigo>
                <Proveedor>ZZZ</Proveedor>
                <fechaentrega>10/10/2023</fechaentrega>
                <fragil>Si</fragil>
                <Peso>
                    <unidades>Kg</unidades>
                    <valor>14</valor>
                </Peso>
            </Componente>
        </producto>
    </pedido>    
</pedidos>