<?xml version = "1.0" encoding = "UTF-8"?>
<hechos>
    <hecho descripcion = "IDM da a conocer el PC">
        <fecha>
            <dia>12</dia>
            <mes>8</mes>
            <año>1981</año>
        </fecha>
    </hecho>
    <hecho descripcion = "Se funda Google">
        <fecha>
            <dia>4</dia>
            <mes>9</mes>
            <año>1998</año>
        </fecha>
    </hecho>
    <hecho descripcion = "Se funda Facebook">
        <fecha>
            <dia>4</dia>
            <mes>2</mes>
            <año>2004</año>
        </fecha>
    </hecho>
    <hecho descripcion = "Lanzamiento primer IPhone">
        <fecha>
            <dia>29</dia>
            <mes>6</mes>
            <año>2007</año>
        </fecha>
    </hecho>
</hechos>